,Engine_ID,Timestamp,Temperature,Pressure,Rotational_Speed,Engine_Health,Engine_Failure
0,1,2023-01-01 00:00:00,555.1538521969887,129.02357102402433,3049.4057400472134,0.9583840653242341,0
1,1,2023-01-01 00:10:00,426.7028972614109,104.98708994952118,2972.3727738669836,1.0197950008970071,0
2,1,2023-01-01 00:20:00,474.44597274902884,105.45451026213539,3355.7443660526314,0.8666810605177591,0
3,1,2023-01-01 00:30:00,489.82668826408707,127.1667508221886,3031.172120333033,1.2250520059016226,0
4,1,2023-01-01 00:40:00,456.0366384770531,119.31147918177601,3143.60311375827,1.0602240653251296,0
5,1,2023-01-01 00:50:00,473.1862707088031,111.9851340392305,2847.8322851149524,1.0811545442946322,0
6,1,2023-01-01 01:00:00,549.7853046508582,112.85818520267259,3119.9410933706854,1.2784648962361078,0
7,1,2023-01-01 01:10:00,473.16344021128646,128.21944053484384,2832.0734810878885,0.9728453072769161,0
8,1,2023-01-01 01:20:00,421.75497286435706,114.89133618678719,3273.2509922815857,1.0400502076371418,1
9,1,2023-01-01 01:30:00,391.20163358101973,104.41998110019044,3057.934113536744,1.0332222251687961,0
10,1,2023-01-01 01:40:00,427.18304037677945,95.79482957463813,2833.8840228664562,1.0026405901878184,0
11,1,2023-01-01 01:50:00,458.84820323385225,116.4341766140729,2979.043283293884,1.1350161807364345,0
12,1,2023-01-01 02:00:00,,124.2742444049899,3247.7184717900172,1.329789744945834,0
13,1,2023-01-01 02:10:00,487.2795267092694,128.85152886625846,3030.4110198999165,1.1406178168119574,0
14,1,2023-01-01 02:20:00,554.674950350239,134.50017345176238,2672.0905201961577,1.5959475825732956,0
15,1,2023-01-01 02:30:00,578.2762147592337,126.96728999656015,3272.840675539321,1.2287130254503487,0
16,1,2023-01-01 02:40:00,514.730829799038,123.1147998198526,3086.7821433342633,1.050138643194401,0
17,1,2023-01-01 02:50:00,,137.96802237837247,2913.992900793656,1.564203670008195,1
18,1,2023-01-01 03:00:00,615.8227110509927,138.19721753257414,2974.3921986154473,1.4236928150264685,0
19,1,2023-01-01 03:10:00,508.3802989668508,126.62082601833346,2839.2598074000366,1.3191670103419708,0
20,1,2023-01-01 03:20:00,441.22261948463347,108.67018360124626,2956.7495698157813,1.1916653977132825,0
21,1,2023-01-01 03:30:00,444.917390156756,101.81976700458281,3186.255814040439,1.140807131033259,0
22,1,2023-01-01 03:40:00,533.6357731980861,137.04998274454465,3150.407615586272,1.7919766492698699,0
23,1,2023-01-01 03:50:00,545.3954387922871,106.04878383806185,2988.284581001422,1.2092960173599452,1
24,1,2023-01-01 04:00:00,485.03344457084717,133.79556299516133,3165.2176299176867,1.3633878821151497,0
25,1,2023-01-01 04:10:00,495.4759771879698,124.23615566450482,3060.257983429273,1.5224245102501734,0
26,1,2023-01-01 04:20:00,477.8653826330765,130.36873997201502,2695.086659804393,1.4404016326283473,0
27,1,2023-01-01 04:30:00,475.13597186529154,105.75990440578606,3114.349145804208,1.2688024717231476,0
28,1,2023-01-01 04:40:00,445.4416841295743,86.46007926877506,2972.3723723647945,1.2442176237155462,0
29,1,2023-01-01 04:50:00,446.77170413105165,,3303.6809366909843,1.265144653474489,0
30,1,2023-01-01 05:00:00,433.10500430114473,122.75447849644323,2882.8236539123563,1.2762537223281645,0
31,1,2023-01-01 05:10:00,615.0888240349872,,3177.9247263483635,1.4352152846135862,0
32,1,2023-01-01 05:20:00,514.6003670909886,118.0312691463289,2991.165828324068,1.177848349766525,0
33,1,2023-01-01 05:30:00,455.3162350873638,98.96447180982918,2805.383280106861,1.2154405323385662,0
34,1,2023-01-01 05:40:00,536.8497263597412,131.6824721969531,3031.804928032933,1.4055769186210756,0
35,1,2023-01-01 05:50:00,475.9378060229259,111.32361085466229,3097.5608933524627,1.0741777708756648,0
36,1,2023-01-01 06:00:00,498.29214972744853,125.40228656754081,2748.599808697483,1.5501142345500623,1
37,1,2023-01-01 06:10:00,473.01758609839845,118.23096571706782,3031.4809398820466,1.3256521695365486,0
38,1,2023-01-01 06:20:00,,119.72704196801958,2850.4600235929265,1.5365931211652204,0
39,1,2023-01-01 06:30:00,,146.71819508068637,2753.632253627612,1.4147101007687652,0
40,1,2023-01-01 06:40:00,455.5417842059708,103.06627269171172,2580.5249816472474,1.1131002586592085,0
41,1,2023-01-01 06:50:00,503.642041041844,121.28167285179765,2939.681770769512,1.4088308791837583,0
42,1,2023-01-01 07:00:00,483.8174137822211,126.091043222516,2897.1132173424476,1.2485432520277757,0
43,1,2023-01-01 07:10:00,553.9572225427676,122.87856387632463,2959.418817753553,1.37849665033279,0
44,1,2023-01-01 07:20:00,481.1333232298373,110.95714632062646,2934.4956464619445,1.2183162077600325,1
45,1,2023-01-01 07:30:00,529.3771346234338,112.53004872999783,2905.2635270916403,1.2773922151806758,0
46,1,2023-01-01 07:40:00,459.1491562421757,115.94930117234001,3141.432938903466,1.2609685927331034,0
47,1,2023-01-01 07:50:00,527.2870596064267,,3126.7623282339237,1.694283913427488,1
48,1,2023-01-01 08:00:00,475.2445826478972,102.8503646796815,2896.6941319460975,1.1438183282718157,1
49,1,2023-01-01 08:10:00,441.37918521516593,106.81409854065885,3264.769982388984,1.1143624845757898,0
50,1,2023-01-01 08:20:00,485.60702010101096,96.54980042666197,2975.957598352734,1.258533643222413,0
51,1,2023-01-01 08:30:00,,97.47798670244624,2897.2422336491863,1.0243631569823215,0
52,1,2023-01-01 08:40:00,,125.58185727164117,2844.9518911510086,1.334513963781148,0
53,1,2023-01-01 08:50:00,430.85280357874467,84.17999238627769,2885.5121100383976,1.2556523635849892,0
54,1,2023-01-01 09:00:00,547.1546996335428,,2674.3314790694335,1.4741445238468447,0
55,1,2023-01-01 09:10:00,495.58537246183533,108.8884658418781,3146.76681943992,1.1467007458997538,0
56,1,2023-01-01 09:20:00,525.658967756316,144.8511719112024,3313.705484832268,1.6381393747033126,0
57,1,2023-01-01 09:30:00,510.85515377295343,105.05362855715319,2859.5627699852644,1.2517578792326294,0
58,1,2023-01-01 09:40:00,405.3125950523802,95.9595065895608,3135.7698217150983,1.1159696367956835,0
59,1,2023-01-01 09:50:00,463.72123223945874,122.64804449485129,2921.270866404396,1.2511077668053778,0
60,1,2023-01-01 10:00:00,371.5103110458309,120.6054730847797,3016.9025155863483,1.2747488159826645,0
61,1,2023-01-01 10:10:00,497.24933642396195,112.95298894615019,2908.2990097976885,1.0597594240438462,0
62,1,2023-01-01 10:20:00,483.40397878566006,106.39543805508067,2536.5182191968224,1.123848579372256,0
63,1,2023-01-01 10:30:00,554.2632930347828,140.23256542038663,3392.281942649465,1.2292619382924277,0
64,1,2023-01-01 10:40:00,475.1424146269538,111.32686939299123,2911.612278710288,1.2178329709031719,0
65,1,2023-01-01 10:50:00,453.3201230298412,112.84426563298409,2779.611000475879,1.2653951267871364,0
66,1,2023-01-01 11:00:00,480.0183001407171,127.36283295745586,2931.7497295977873,1.1581205289323262,0
67,1,2023-01-01 11:10:00,534.2690463466299,128.46859813304138,3082.57973612956,1.1687768584263023,0
68,1,2023-01-01 11:20:00,498.81509335041545,131.3227150078933,2814.006332784475,1.1471756040632968,0
69,1,2023-01-01 11:30:00,510.0758379294003,144.17048519865753,2995.1459745552033,1.1924188156107607,0
70,1,2023-01-01 11:40:00,545.3489239098899,130.87076466615528,2840.609919226171,1.2294536694854652,0
71,1,2023-01-01 11:50:00,486.0570449607864,117.14762809998514,2978.2612062827284,1.2211315846959243,0
72,1,2023-01-01 12:00:00,477.5625873266586,109.8636779233828,2754.6744846038714,0.9394998580836809,0
73,1,2023-01-01 12:10:00,480.0546661194529,124.15832527449916,3228.3303514421136,0.8655421064011806,1
74,1,2023-01-01 12:20:00,525.4347168474635,123.32070564069384,3008.4082422427873,1.6670442164096368,0
75,1,2023-01-01 12:30:00,578.0954647321646,144.24834933265964,3086.33469025557,1.3594894366734958,0
76,1,2023-01-01 12:40:00,533.9762353129835,123.9746739916457,2784.7005046812546,1.0759886239540521,0
77,1,2023-01-01 12:50:00,531.8243922614022,118.70845898075301,3292.2151941234138,0.9662112524515616,0
78,1,2023-01-01 13:00:00,450.34151026825197,115.65397356328425,3055.9371294946377,1.2460106137743256,0
79,1,2023-01-01 13:10:00,458.53387112713085,106.124209199326,2905.9039828738432,1.1464249677281797,0
80,1,2023-01-01 13:20:00,471.14325977197984,,3130.4495667796896,0.8941987862687157,0
81,1,2023-01-01 13:30:00,449.77262557278294,128.34653192527364,2994.066926323199,1.090403107612549,0
82,1,2023-01-01 13:40:00,452.352927469975,104.49386947027183,2798.62100270473,0.9998657892199458,0
83,1,2023-01-01 13:50:00,449.7772669660529,116.42654070502041,2945.627831209895,1.4071972009387355,0
84,1,2023-01-01 14:00:00,557.5920699360657,128.2155117336722,3197.6709782847042,1.3147997059941292,0
85,1,2023-01-01 14:10:00,440.4869942521981,116.18132853446909,2924.6226882323563,0.8954278769562087,0
86,1,2023-01-01 14:20:00,513.8127442890955,124.07596647032184,3178.0820425783536,1.3391207344410716,0
87,1,2023-01-01 14:30:00,422.40243085872396,101.55260885384692,3033.75342089112,1.0299523707049492,0
88,1,2023-01-01 14:40:00,477.9449973866423,108.4104676203866,3117.592362864244,1.1543356223553918,0
89,1,2023-01-01 14:50:00,530.2400790395245,148.04423236128713,2699.131329442088,1.26385017306305,0
90,1,2023-01-01 15:00:00,496.9967796204095,125.78820457304717,2993.22129732769,0.977330237983957,0
91,1,2023-01-01 15:10:00,632.6790039507636,,3172.1491567706357,1.2539164735857142,0
92,1,2023-01-01 15:20:00,443.94402881441243,110.28436098510399,3114.6174276973693,1.1422330630943638,0
93,1,2023-01-01 15:30:00,,125.05581834485113,3101.3130485075626,1.0872609677966691,1
94,1,2023-01-01 15:40:00,547.3759936658898,120.620358835571,2805.9541657320324,0.8690878851994392,0
95,1,2023-01-01 15:50:00,533.3631142391755,112.08396950333281,3203.3427365473203,1.044142549739685,0
96,1,2023-01-01 16:00:00,595.984620793464,135.55739386687782,2914.608575394904,1.1340696712228937,0
97,1,2023-01-01 16:10:00,532.5861742096015,138.52392339916327,2765.3868203440643,1.1514656732323323,0
98,1,2023-01-01 16:20:00,453.12824660179007,96.13720345292857,3025.4249857585687,0.8937694604604471,0
99,1,2023-01-01 16:30:00,521.9742125241611,107.52037649334645,2730.209457087859,0.8642161173436933,0
100,1,2023-01-01 16:40:00,389.59558036440063,108.85459358923325,3020.5178240067125,0.8005232690411426,0
101,1,2023-01-01 16:50:00,492.17301210156495,132.499353965319,3014.4267454044057,1.0633767250288317,0
102,1,2023-01-01 17:00:00,515.6845515197629,117.73230520354875,2860.8904072742407,1.1073553272601366,0
103,1,2023-01-01 17:10:00,480.7579625978055,116.43528311619805,2969.47900003991,0.9670758323188688,0
104,1,2023-01-01 17:20:00,483.9717236878774,119.026117514429,3041.2739622514136,0.9411063009659466,1
105,1,2023-01-01 17:30:00,446.5517708132057,94.01878064005487,3093.1556945692264,0.8361189559637516,0
106,1,2023-01-01 17:40:00,455.39267571725344,113.4285389423249,3212.799566147194,0.7620862823373398,0
107,1,2023-01-01 17:50:00,499.0882035199833,123.8576238376642,2844.624449088095,0.9800952583927682,1
108,1,2023-01-01 18:00:00,503.22673031583815,121.16785525824292,3302.271877306947,0.6230759492699858,0
109,1,2023-01-01 18:10:00,531.5780408060571,119.1170874884461,2896.6294521670557,1.0082645200565872,0
110,1,2023-01-01 18:20:00,538.6755796654543,122.4228411492589,3035.611408281286,0.9817871276159704,0
111,1,2023-01-01 18:30:00,531.6086634761805,128.10319427674284,3061.5870326535874,0.9342255692093477,0
112,1,2023-01-01 18:40:00,486.8512566249152,116.79659447905661,3114.155043692665,1.0054284693252928,1
113,1,2023-01-01 18:50:00,517.1871428284117,128.55428826775022,2846.8556256237935,0.7890662823885631,1
114,1,2023-01-01 19:00:00,491.135410237532,105.68036232413888,2965.695885375567,0.8838465788938119,0
115,1,2023-01-01 19:10:00,547.7307653513686,124.65185103756156,2977.479618109457,0.9967798668586418,0
116,1,2023-01-01 19:20:00,581.7814306134056,124.47856478811784,2370.470206745759,0.9226809618707259,0
117,1,2023-01-01 19:30:00,478.5048016165192,113.2461149108616,3260.3326480380056,1.2714778231272774,0
118,1,2023-01-01 19:40:00,464.48853037499805,106.92411858494705,2935.959798223969,0.6933169179949535,0
119,1,2023-01-01 19:50:00,474.7126829150946,110.98994493322219,2959.5920041519557,1.282314613232503,0
120,1,2023-01-01 20:00:00,490.4154528317379,101.0291646335419,3243.842365730414,0.9861346534705338,0
121,1,2023-01-01 20:10:00,388.6485060354058,,2959.6084949286087,0.7020239423141433,0
122,1,2023-01-01 20:20:00,480.85484550735026,103.00277158338717,3208.127170503316,1.1158416104119586,0
123,1,2023-01-01 20:30:00,531.9452697302172,130.99427238450357,2872.4913801165994,1.3433896713770492,0
124,1,2023-01-01 20:40:00,548.7133562640925,138.41190347141176,3273.1622040236625,1.1083177959053552,0
125,1,2023-01-01 20:50:00,494.8426706247636,105.46678914699557,3136.1924166512413,1.1352866696758217,0
126,1,2023-01-01 21:00:00,,110.18881049190614,2810.019548372169,1.0450507159711946,0
127,1,2023-01-01 21:10:00,415.1526254139474,91.82247653343376,3108.4904833121786,0.8243587949725386,0
128,1,2023-01-01 21:20:00,485.8808792391023,115.74190223438924,2928.5073412240054,0.9464550347589622,0
129,1,2023-01-01 21:30:00,452.1387502207683,113.87251045926598,2704.995183882632,1.1006796234380207,0
130,1,2023-01-01 21:40:00,453.8987293224544,109.59982874097055,3078.8317820372836,1.1098489710396684,0
131,1,2023-01-01 21:50:00,532.3299844189571,122.08113969908985,3382.28006446812,1.2808134208141178,0
132,1,2023-01-01 22:00:00,433.2423463484197,105.47334691910939,3096.2223681007245,1.011675051827367,0
133,1,2023-01-01 22:10:00,466.66779710870935,114.6318627087845,3069.293538682007,1.1222870155893057,0
134,1,2023-01-01 22:20:00,464.80295535006667,126.81414012988077,2984.027143943677,1.0322372525714358,0
135,1,2023-01-01 22:30:00,555.8689761801382,152.14992490365518,3063.841674510165,1.2094476288605107,0
136,1,2023-01-01 22:40:00,502.12578860338317,124.90465233174672,2801.855196004841,0.9174087271471585,1
137,1,2023-01-01 22:50:00,,129.49690856422654,3040.863235970523,1.1483480226147555,0
138,1,2023-01-01 23:00:00,463.965505244203,122.9605223474957,2877.643630005868,1.1740358931250021,0
139,1,2023-01-01 23:10:00,499.8756080972568,133.7371443153875,2963.0364324329607,1.3074683633924475,0
140,1,2023-01-01 23:20:00,387.091690055886,107.91043048730131,2697.4723364463907,0.7830790615130735,0
141,1,2023-01-01 23:30:00,473.1927545112874,107.99201833401972,3125.916121275928,1.034116804885289,0
142,1,2023-01-01 23:40:00,552.4802766681083,141.27729421534454,3181.5574006616375,1.291076668812051,0
143,1,2023-01-01 23:50:00,476.16056415023655,104.59872207223432,3220.1988720678746,1.0965395894808272,0
144,2,2023-01-01 00:00:00,499.69489637644017,127.2156052632948,3136.829086897624,1.2156746252955433,0
145,2,2023-01-01 00:10:00,429.7677566699803,103.93200005520623,2732.606740428335,0.9996148268742142,0
146,2,2023-01-01 00:20:00,504.49600545609695,127.84642516928349,3315.798018660964,1.0709207018076146,1
147,2,2023-01-01 00:30:00,389.3030699164171,115.762901292581,3414.277386243381,0.9279722791897047,0
148,2,2023-01-01 00:40:00,458.4653645518972,123.13639113391302,3066.5586659806468,1.3335648349587308,0
149,2,2023-01-01 00:50:00,476.9606303088591,111.34028995924892,3184.3686384101943,1.165219958104167,0
150,2,2023-01-01 01:00:00,550.5923846984147,130.0667966748221,3080.455343617862,1.2965661756175086,0
151,2,2023-01-01 01:10:00,476.61369449231586,112.44791826048883,3144.6726772585876,1.1257446690307844,1
152,2,2023-01-01 01:20:00,509.34394765930324,130.8270888989305,3512.992238990563,1.2302954731974882,0
153,2,2023-01-01 01:30:00,519.642057855082,104.15829779367373,3198.300090185587,1.0277245248394737,0
154,2,2023-01-01 01:40:00,440.15576809926876,97.29169558141413,2716.785635690675,0.9356860779342215,1
155,2,2023-01-01 01:50:00,541.6179140005065,122.60358903957948,3271.1219076200455,1.0097272495116953,0
156,2,2023-01-01 02:00:00,531.952929800091,144.35599295022143,3054.776046574938,1.5431444533031584,0
157,2,2023-01-01 02:10:00,486.4553176678411,119.97311880474314,3156.2844044008148,1.3989164338306945,0
158,2,2023-01-01 02:20:00,516.207522027727,127.9834270270388,2993.6504476207724,1.1393651396806954,1
159,2,2023-01-01 02:30:00,511.6431533724176,120.98022634913752,3144.1027141717286,1.3786326315806074,0
160,2,2023-01-01 02:40:00,470.7684719052402,114.56002174668045,2864.346377908291,1.0741960326244544,1
161,2,2023-01-01 02:50:00,530.9398646093479,153.04869233681723,2821.370509292838,1.2241881118793156,0
162,2,2023-01-01 03:00:00,518.326015000113,119.4713370266,3110.5265174275823,1.2418489552477312,1
163,2,2023-01-01 03:10:00,400.44488205501983,105.83706900076831,3149.5770276355624,1.0947622621421227,0
164,2,2023-01-01 03:20:00,504.49731806620605,129.42622070565022,2720.9900937651396,1.3443589634396615,0
165,2,2023-01-01 03:30:00,471.1942431345761,130.06282444665283,3281.985739980887,1.2165894118774512,0
166,2,2023-01-01 03:40:00,539.0332408889267,135.59770040585602,3396.062715227777,1.2765887220690832,0
167,2,2023-01-01 03:50:00,526.8140289915146,,2801.8304042189466,1.3225374765731646,0
168,2,2023-01-01 04:00:00,574.2321421303549,132.08706136297718,3256.945101019936,1.3970661095885308,0
169,2,2023-01-01 04:10:00,552.391323367446,129.63136124057797,3300.4489220613764,1.1773972029640054,0
170,2,2023-01-01 04:20:00,458.37684375880576,98.31750090423219,2920.992161388616,1.2328215658758916,0
171,2,2023-01-01 04:30:00,511.06187212678645,119.84211198503786,3472.678070340214,1.2549378263718076,0
172,2,2023-01-01 04:40:00,491.0531101198928,111.35968468112068,2858.2099958124104,1.3029471586150987,0
173,2,2023-01-01 04:50:00,549.4296179426985,121.36808692763483,2911.4384939055094,1.519715044599988,0
174,2,2023-01-01 05:00:00,451.01593439124866,95.2217524485869,2854.839023429252,1.2755125675945098,0
175,2,2023-01-01 05:10:00,487.65002116419527,137.11762668160117,3247.423344941138,1.0996877229099251,0
176,2,2023-01-01 05:20:00,427.4266783230519,107.81228609151418,3193.7875145042876,1.1843033330539248,0
177,2,2023-01-01 05:30:00,491.88614608754443,106.50094830861856,3094.133715609354,1.3016726025055012,0
178,2,2023-01-01 05:40:00,556.8689863962976,150.42357679900712,3024.7199791130697,1.4854451829524264,0
179,2,2023-01-01 05:50:00,461.7847247459766,112.15410457125047,3193.941983959723,1.2162415473399975,1
180,2,2023-01-01 06:00:00,465.18778463683117,105.80753276093999,3032.9746056245444,1.2678484813072122,0
181,2,2023-01-01 06:10:00,495.1899096860608,,3094.1757643397223,1.199097277073587,0
182,2,2023-01-01 06:20:00,467.43348633539824,93.45842905098327,2868.145858836458,1.1363041166544408,0
183,2,2023-01-01 06:30:00,578.7980917359182,132.48672738108579,2871.014684473781,1.5786492533921155,0
184,2,2023-01-01 06:40:00,513.5982239235273,142.0850377126946,2830.6644371986326,1.4822933254369788,0
185,2,2023-01-01 06:50:00,503.00102833453013,116.24313170398412,2962.7586372618607,1.228100785709348,0
186,2,2023-01-01 07:00:00,515.7069043619633,117.07213403597723,3011.36726312493,1.0282683787687863,0
187,2,2023-01-01 07:10:00,544.8513090125673,131.66918102178172,2722.472560806746,1.5462592064224676,0
188,2,2023-01-01 07:20:00,455.6106934705475,111.29404049064262,2968.1624489650103,1.1461107118364866,0
189,2,2023-01-01 07:30:00,515.0114058633882,134.6708582547468,2705.724488465771,1.2910080895962186,0
190,2,2023-01-01 07:40:00,,129.62427957768705,3335.402021565484,1.2750168767370722,0
191,2,2023-01-01 07:50:00,514.3712501497639,143.20733716292642,2847.3386598610323,1.3743362370186496,0
192,2,2023-01-01 08:00:00,523.9117124133287,115.01917458767969,2717.1303467509742,1.3470901729375002,0
193,2,2023-01-01 08:10:00,,,3177.2095352572887,1.5269673135805961,0
194,2,2023-01-01 08:20:00,586.50853317887,144.44010307371477,2941.064480932951,1.6830128884762943,0
195,2,2023-01-01 08:30:00,530.251378394193,107.02751030821796,3076.9481792163633,1.3688359221370867,0
196,2,2023-01-01 08:40:00,519.0170127495135,122.44610812135727,2904.0858869313697,1.1139307600665194,0
197,2,2023-01-01 08:50:00,497.9748081938549,126.88565319732253,2952.023274071008,1.3583659774564383,0
198,2,2023-01-01 09:00:00,473.05405149815584,96.20100482318782,3369.716652077553,1.1965394204000912,0
199,2,2023-01-01 09:10:00,479.95837031716593,123.88907424044652,3071.002423463771,1.2758886538258214,1
200,2,2023-01-01 09:20:00,574.9482426329461,125.7885902169639,3108.9252219718146,1.3302314915478048,0
201,2,2023-01-01 09:30:00,489.85167423484927,115.23332019121756,2732.6364032990264,1.0190977912608568,0
202,2,2023-01-01 09:40:00,497.891494245735,115.64257575013939,2971.7199680794893,1.2107229978135443,0
203,2,2023-01-01 09:50:00,433.4695693464614,118.92119814054288,2675.5359692268444,1.2539349266383355,0
204,2,2023-01-01 10:00:00,462.61607092917416,,2858.6187540398823,0.9386982243998367,0
205,2,2023-01-01 10:10:00,441.8886989969835,107.0402270532273,3140.2749777233603,1.0990687299660555,0
206,2,2023-01-01 10:20:00,529.7145539988588,112.18112831187771,3170.618256986884,1.141911682666039,0
207,2,2023-01-01 10:30:00,528.1271823948038,123.53080511777068,2871.1172278690956,1.1582555374810721,0
208,2,2023-01-01 10:40:00,479.46598326722125,119.9132172664237,3139.9375043553046,0.8850850535241701,0
209,2,2023-01-01 10:50:00,621.8387576912548,121.39082204027976,3148.1727743345687,1.4404961561314533,0
210,2,2023-01-01 11:00:00,458.300936705794,98.94907170939112,3324.3021431327998,0.97923675668162,0
211,2,2023-01-01 11:10:00,432.3165220234697,93.93034459572007,3172.0356057500467,0.9991255633837344,0
212,2,2023-01-01 11:20:00,532.6595753719744,136.13890926667426,2994.8887321554253,1.3194552698904332,0
213,2,2023-01-01 11:30:00,533.0275507498587,123.44233927273365,3038.88847803754,1.5424383462118925,0
214,2,2023-01-01 11:40:00,494.7430634558538,108.65926498979857,3342.991384978798,1.0280158801619275,0
215,2,2023-01-01 11:50:00,467.49164031421606,117.57764318900331,3192.355589204045,1.3826331556126443,0
216,2,2023-01-01 12:00:00,548.1070316402966,104.2042726163723,3102.0923161990827,1.2405909220392075,0
217,2,2023-01-01 12:10:00,480.83950821952965,135.40709088379387,2985.2256124147225,1.0367794733086027,0
218,2,2023-01-01 12:20:00,551.0484459801686,127.25568648863558,3205.2180524786204,1.0684912645117972,0
219,2,2023-01-01 12:30:00,458.8044609222423,104.41813691588399,3310.927806573557,1.2408859905767238,0
220,2,2023-01-01 12:40:00,,116.22390556174125,3103.5108763488106,1.0285469810164778,0
221,2,2023-01-01 12:50:00,535.4976993681947,,2771.995835171349,1.3727066621093864,0
222,2,2023-01-01 13:00:00,563.5514878658176,127.51473513533591,3060.6267259237593,1.217760748741219,0
223,2,2023-01-01 13:10:00,541.8569164295136,124.33430743236536,2640.8907068924436,1.3776055451625009,0
224,2,2023-01-01 13:20:00,466.95084206593236,121.02483514788909,3196.207033392866,1.2322015467586789,0
225,2,2023-01-01 13:30:00,439.95403471153026,124.7611720241922,2859.3867353923406,0.96306105167442,0
226,2,2023-01-01 13:40:00,489.67558814684884,113.4670077942734,3165.6424290327022,1.0919265595815109,0
227,2,2023-01-01 13:50:00,570.9857383438849,141.99115316282067,2869.8756297794325,1.2128481925672223,0
228,2,2023-01-01 14:00:00,514.6901520665301,126.54658514284746,2779.9872749012193,1.3160903243623574,0
229,2,2023-01-01 14:10:00,518.5225262426179,126.76239800104527,3343.536398964876,1.1694293885639508,1
230,2,2023-01-01 14:20:00,452.40929548521024,105.54035693882554,2834.313244595031,0.9258946436992432,1
231,2,2023-01-01 14:30:00,529.5185857845248,140.58839251611158,2868.4367234951756,1.1976665351998443,0
232,2,2023-01-01 14:40:00,443.29837187478023,109.31445871772782,3323.0002507315544,1.0110817978324105,0
233,2,2023-01-01 14:50:00,472.83350036251943,116.81878310055177,3301.509866934425,0.8469040733529924,0
234,2,2023-01-01 15:00:00,498.5012816284637,113.76791611842881,2934.091412777793,0.9426098597918624,0
235,2,2023-01-01 15:10:00,472.40789513997515,113.02665200398413,2900.78816080266,1.0490147248151256,0
236,2,2023-01-01 15:20:00,498.6022587658935,115.93536826840929,3101.599055162141,1.073017288840298,0
237,2,2023-01-01 15:30:00,487.83034267502364,131.16671595528072,2654.768459400455,1.1860159736049005,0
238,2,2023-01-01 15:40:00,431.780530650246,90.7626898664309,2650.691400797812,1.0361076362832473,0
239,2,2023-01-01 15:50:00,481.64855006095206,115.8642783511417,2825.506746318663,0.9830761958952241,0
240,2,2023-01-01 16:00:00,483.71405954990274,135.99284918469164,3036.9720917581726,1.1388185792382426,0
241,2,2023-01-01 16:10:00,494.48014818568777,109.16036282727825,3140.3124710522993,1.0521040081409256,0
242,2,2023-01-01 16:20:00,415.0954289115235,100.91277637945271,3233.3182191832775,0.7580558370162421,1
243,2,2023-01-01 16:30:00,525.2968009882826,133.37908448616113,3195.00496578181,1.092726312870505,0
244,2,2023-01-01 16:40:00,528.2229961778876,121.29810207497826,2844.748870786549,1.1678951820847858,0
245,2,2023-01-01 16:50:00,573.6294818396599,128.81829326079045,2609.4455458059497,0.9632443972348623,0
246,2,2023-01-01 17:00:00,509.413257807182,121.81421596866782,2888.3930903938367,1.0042843995620336,0
247,2,2023-01-01 17:10:00,481.6218866734142,125.388548796635,3203.4977095261984,1.0541032101721688,0
248,2,2023-01-01 17:20:00,456.28677222178896,124.42431588085651,3184.8944284666736,1.12524952709341,0
249,2,2023-01-01 17:30:00,420.72119488596815,108.84162309722757,3224.437470805421,0.949630135523313,0
250,2,2023-01-01 17:40:00,490.84456900736757,118.37628296204785,2638.426608541559,1.131749139789038,0
251,2,2023-01-01 17:50:00,525.407430434027,116.28479224062373,2777.0584692898265,1.1589617837288244,0
252,2,2023-01-01 18:00:00,581.7416106858975,131.73741818332527,2813.4492838638075,1.2045786783250976,0
253,2,2023-01-01 18:10:00,421.9749722755895,110.12726936804728,2680.8098710123054,0.955726153698214,0
254,2,2023-01-01 18:20:00,473.73987943092914,135.18416935397434,2627.991345033466,1.150979351782347,0
255,2,2023-01-01 18:30:00,555.8289914431294,107.59450450894278,2928.4480636525295,1.0740471352236516,0
256,2,2023-01-01 18:40:00,443.09939334446767,122.82407468717983,3127.4038400598447,1.2137670968727723,0
257,2,2023-01-01 18:50:00,390.38698484359645,106.19043394706048,3226.5279901974436,0.9035551434446174,0
258,2,2023-01-01 19:00:00,482.2448806539488,123.41084180115777,3135.0506489012378,1.043079627427083,0
259,2,2023-01-01 19:10:00,540.1922866831046,117.65474867601003,3200.69306464268,1.2061501268125807,0
260,2,2023-01-01 19:20:00,500.0151137015846,134.00296314253063,2764.3287345959493,1.0100792713081428,0
261,2,2023-01-01 19:30:00,541.2866769127094,134.02534067533776,3143.1139613554283,1.0453911927209285,0
262,2,2023-01-01 19:40:00,535.4657522299658,127.82991603279922,2999.535283279996,0.991783201758734,0
263,2,2023-01-01 19:50:00,538.0155081830652,125.20439252597187,2397.4963111011075,0.9561635416247241,0
264,2,2023-01-01 20:00:00,577.7001333048032,120.1317165351434,3148.6400752116174,1.167782400499277,0
265,2,2023-01-01 20:10:00,502.33108592959445,105.66356953692025,3035.50483022935,1.1359415248082037,0
266,2,2023-01-01 20:20:00,536.6098815846653,130.8627053521925,2765.8473855404072,1.3269143270970347,0
267,2,2023-01-01 20:30:00,538.34696071014,122.75637796183524,2930.02943985188,0.9446104823493988,0
268,2,2023-01-01 20:40:00,560.3663709089659,121.54786256963186,2576.3527445825794,1.1434737400931532,0
269,2,2023-01-01 20:50:00,552.6983993088194,131.50289794293298,3090.498600940661,1.3248809289131347,1
270,2,2023-01-01 21:00:00,507.0690474873364,132.54546246123923,2846.183175141994,1.1251913160169889,0
271,2,2023-01-01 21:10:00,597.5922441352883,145.20073055764425,3348.4478467406425,1.0475808203751067,0
272,2,2023-01-01 21:20:00,513.2220359735751,128.78419100106393,3068.3151381523485,1.3820535893036403,0
273,2,2023-01-01 21:30:00,493.8887143920754,124.42539150416778,2884.0795563333922,1.2214376751566016,0
274,2,2023-01-01 21:40:00,495.9296235313791,110.90333530745639,3009.545671615172,1.1222727314294076,1
275,2,2023-01-01 21:50:00,524.6217943646025,135.2767858323244,2968.5793432090873,1.1575820179826266,1
276,2,2023-01-01 22:00:00,517.789453482769,113.4112905914571,3174.7604866928564,1.1673647500320228,0
277,2,2023-01-01 22:10:00,,115.25716791109323,3074.0164489573326,0.9813047197252531,0
278,2,2023-01-01 22:20:00,439.25346302264256,106.23205106051623,3328.008195425628,0.6481490216855463,0
279,2,2023-01-01 22:30:00,549.6951483271694,141.8586352758622,2742.742663683687,1.414379730586035,0
280,2,2023-01-01 22:40:00,603.6304370492084,146.42969005581884,3410.6421503662064,1.21300379568582,0
281,2,2023-01-01 22:50:00,546.7651721672536,124.18496282108764,3098.032814879684,0.9708864677597167,0
282,2,2023-01-01 23:00:00,481.89690102319025,115.84778582879395,3303.931451197796,1.1223216552290514,0
283,2,2023-01-01 23:10:00,490.4701322949053,103.239565724951,3343.637228619609,1.0724717314706456,0
284,2,2023-01-01 23:20:00,604.2447085612057,144.4999573917058,3080.9548627665463,1.2675032029067381,1
285,2,2023-01-01 23:30:00,480.3314638101873,127.90551103584596,2958.3678679498366,1.2264533189112043,0
286,2,2023-01-01 23:40:00,367.6248845126505,113.11863223450533,3093.883058171662,1.043080414123542,0
287,2,2023-01-01 23:50:00,405.06736006294466,102.66900214030794,2900.0290885073046,1.175730975171436,1
288,3,2023-01-01 00:00:00,539.5074695275767,137.9096223236457,3019.3686604894547,1.1900977155904875,0
289,3,2023-01-01 00:10:00,,127.52731090745209,2961.4488405009533,1.2972574622073365,0
290,3,2023-01-01 00:20:00,508.76617465772347,109.11321634252954,3305.6851873876453,0.9892972005809184,0
291,3,2023-01-01 00:30:00,426.61026037030825,110.6552963641638,2975.4663262527956,0.980953698838043,0
292,3,2023-01-01 00:40:00,563.3497393842639,128.10082610658802,2967.8380284365176,1.569398401307071,0
293,3,2023-01-01 00:50:00,511.417137923104,109.00609415074778,2863.3222567277994,1.027100407714183,0
294,3,2023-01-01 01:00:00,535.4324535450694,128.5267664698804,2801.969765659926,1.1522462953812602,0
295,3,2023-01-01 01:10:00,580.1550443421935,138.01709375982375,2689.326949716258,1.352295850452555,0
296,3,2023-01-01 01:20:00,471.76759684259906,118.81765278348831,2827.4929230429066,0.9792939132301284,0
297,3,2023-01-01 01:30:00,501.6723119850665,113.92611369795269,2819.6123999909137,1.107250440240417,0
298,3,2023-01-01 01:40:00,455.2195782677392,106.79295598935902,3155.3155412204883,1.086213823546326,0
299,3,2023-01-01 01:50:00,544.1491125964502,116.8554144232637,2793.008990021022,1.2821089474874041,0
300,3,2023-01-01 02:00:00,521.2456325630269,141.69195836961075,2844.0355482349573,1.2500451669257344,0
301,3,2023-01-01 02:10:00,491.3086230935849,106.9666087775308,3376.449257591245,0.9064230231849773,0
302,3,2023-01-01 02:20:00,535.4812309433586,125.61418730849815,2887.8990834848955,1.1566650829650966,0
303,3,2023-01-01 02:30:00,527.7053840719957,130.93819722865715,3136.6780791083197,1.2863204257035916,0
304,3,2023-01-01 02:40:00,491.53958614700446,135.37553642128654,3002.8647843705185,1.3804263386539812,0
305,3,2023-01-01 02:50:00,552.4405476016176,144.78493561642568,2854.2601535205135,1.2927641036320623,0
306,3,2023-01-01 03:00:00,507.65776967805743,112.40546363182642,3152.8429670985074,1.4042144355955828,1
307,3,2023-01-01 03:10:00,419.41551649247316,86.63599534820035,3406.6249399437847,0.7402537939297007,0
308,3,2023-01-01 03:20:00,444.6381035724065,107.1662195654142,3192.666775543994,0.980693168125307,0
309,3,2023-01-01 03:30:00,553.535146190454,121.73640583187557,2711.3530534606207,1.3041924609204136,0
310,3,2023-01-01 03:40:00,533.8379507966802,,3088.777073204346,1.1986186361227087,0
311,3,2023-01-01 03:50:00,410.7552314978084,102.26632953419215,3020.976995555087,1.1564487548281719,0
312,3,2023-01-01 04:00:00,518.5852765439116,137.04685259722595,2931.7618578606453,0.9575040926871612,0
313,3,2023-01-01 04:10:00,577.6429761902649,128.07666166828224,2858.422325839069,1.2656618951573406,0
314,3,2023-01-01 04:20:00,467.1605802121045,124.48404628791785,2826.4626538629086,1.1627776895457387,0
315,3,2023-01-01 04:30:00,554.8639701583214,114.79246366589051,2975.580018752613,1.3402307751386193,0
316,3,2023-01-01 04:40:00,406.60449828366853,109.49684649593003,2819.895875893887,0.9978761450856353,0
317,3,2023-01-01 04:50:00,491.73864401479847,94.6830344284559,3104.132486616236,1.2710439983087047,0
318,3,2023-01-01 05:00:00,481.24038489181885,114.90293028606042,3109.2647171103317,1.1263746277109916,0
319,3,2023-01-01 05:10:00,521.0544842096987,124.51239013772395,3356.9078687343813,1.3316446955168137,0
320,3,2023-01-01 05:20:00,540.7035790891247,114.74443365804505,3322.289430848619,1.5157014325271365,0
321,3,2023-01-01 05:30:00,537.4313819532282,109.84495332569405,2880.4002305128374,1.4019732455365583,0
322,3,2023-01-01 05:40:00,467.8866924648012,120.1499620997337,3145.3954338542085,1.2847663214541722,0
323,3,2023-01-01 05:50:00,403.86699000376376,108.61075425881312,2800.5946863828076,1.1256106134723851,0
324,3,2023-01-01 06:00:00,558.4073302268839,140.40821789175126,2998.317677506742,1.4989954658278233,0
325,3,2023-01-01 06:10:00,518.3326154166398,108.30715645486345,2713.609413590081,1.3141117235505029,0
326,3,2023-01-01 06:20:00,475.53281016067785,112.73408107066527,2938.507780324114,1.274133194315457,0
327,3,2023-01-01 06:30:00,388.73440851512964,101.07615536841284,3023.536828076534,0.9974938335482257,0
328,3,2023-01-01 06:40:00,,116.97793513170615,2986.568201338639,1.3606161622256925,0
329,3,2023-01-01 06:50:00,461.1243350149097,118.67747019851961,2680.7226045919642,1.1793481723471415,0
330,3,2023-01-01 07:00:00,484.5920313550148,108.18060480213083,3326.486192795022,1.3062690205458682,0
331,3,2023-01-01 07:10:00,498.68603699205806,120.90823459588668,3017.067416091873,1.295085664651722,0
332,3,2023-01-01 07:20:00,510.1199555814986,117.34246659563298,3057.9452178371616,1.0951207689461981,0
333,3,2023-01-01 07:30:00,531.6048494087098,131.82094514114004,3135.165879367967,1.4163723382716786,0
334,3,2023-01-01 07:40:00,535.9193672217726,136.26493003880395,3552.492220371529,1.1792353607860935,1
335,3,2023-01-01 07:50:00,462.1213940871497,106.18608818919434,3065.0879565551504,1.14961821960899,0
336,3,2023-01-01 08:00:00,558.7409759709882,124.57539345152004,2958.1557569260967,1.3419568971743565,0
337,3,2023-01-01 08:10:00,502.89297853265333,,3362.559276266951,1.1992300347792948,1
338,3,2023-01-01 08:20:00,356.8242727043637,90.26988396428612,3485.596319162555,0.9845375899855617,0
339,3,2023-01-01 08:30:00,521.713512464761,130.63921778582917,3020.339928748838,1.3123360161328321,0
340,3,2023-01-01 08:40:00,568.9260336878026,144.40562901390132,2988.6554414968405,1.5990896216431176,0
341,3,2023-01-01 08:50:00,482.2540349731111,110.57275364914878,2608.5459820022893,1.1488573033174942,0
342,3,2023-01-01 09:00:00,462.06954797995303,137.8024846508853,3004.843726063379,1.4012264039648132,0
343,3,2023-01-01 09:10:00,512.0238206110866,146.07040714574134,3040.4303451030323,1.341111038060084,0
344,3,2023-01-01 09:20:00,,125.32018571973728,2787.4307564215046,1.0749471091194382,0
345,3,2023-01-01 09:30:00,508.21032931648347,121.1836495922168,2776.176204242191,1.5355278808511958,1
346,3,2023-01-01 09:40:00,503.5659495080598,125.61529353143233,3255.2732683893228,1.3008773186116838,0
347,3,2023-01-01 09:50:00,549.611575934255,144.71669760548622,3297.9919681383494,1.197633467920607,0
348,3,2023-01-01 10:00:00,499.50246803767567,109.83008871244897,2990.091444116857,1.2487205677563777,0
349,3,2023-01-01 10:10:00,571.624676788776,142.77049393331743,2847.248974218238,0.9937146877185481,0
350,3,2023-01-01 10:20:00,525.4763265770898,121.71301845754516,3154.1319441015535,1.3232529178345098,0
351,3,2023-01-01 10:30:00,486.5577381880732,102.59090717709525,3233.5266972648083,1.1096980688883877,0
352,3,2023-01-01 10:40:00,423.0234409771884,82.21284395740663,2615.461567413699,0.8917951634226344,1
353,3,2023-01-01 10:50:00,567.7575805033514,133.62633916851027,2835.6690712070053,1.3846920294351754,0
354,3,2023-01-01 11:00:00,527.9833798002361,114.23345464320255,2837.6453944269733,1.2565540184145902,1
355,3,2023-01-01 11:10:00,485.2526385772423,129.82211426379908,3170.1062449513615,1.2085293372665575,0
356,3,2023-01-01 11:20:00,500.64763803172235,126.96874701517153,3151.2909638951523,1.016511944444438,0
357,3,2023-01-01 11:30:00,540.6256737461787,126.70141711835456,3035.3505402838114,1.3891230331261148,0
358,3,2023-01-01 11:40:00,564.7626896551598,124.09561648573788,3292.5704569351938,1.0841322140735392,0
359,3,2023-01-01 11:50:00,457.02661394905317,113.1824650374819,3090.6491980179285,1.101602488808444,0
360,3,2023-01-01 12:00:00,443.09175521953887,113.91788194426522,3147.6875577277956,1.225117730760374,1
361,3,2023-01-01 12:10:00,545.6256935984777,149.79395808178575,2934.7464745164193,1.3213372922032038,0
362,3,2023-01-01 12:20:00,491.47983978779655,124.38942612892771,3286.416120843543,0.9503282413589953,0
363,3,2023-01-01 12:30:00,522.7649973202258,104.54689400023071,3010.1330116572603,1.3173776083973818,0
364,3,2023-01-01 12:40:00,475.9454006759974,116.08831432512576,2951.177654211224,1.1734945561577212,0
365,3,2023-01-01 12:50:00,419.81037008096627,109.46129640697664,3109.581547256571,0.7959788122040703,0
366,3,2023-01-01 13:00:00,461.1189635645493,112.20387092567239,2968.6834258862323,0.8976441743353398,0
367,3,2023-01-01 13:10:00,368.31763951195444,85.11193152676654,3198.9225716141004,0.9528982650068436,0
368,3,2023-01-01 13:20:00,522.6321820009314,128.35298908996893,3415.8817456568418,1.0254928497528186,0
369,3,2023-01-01 13:30:00,469.02660622615747,112.78131047906042,2688.5929644496377,1.2875473731874492,0
370,3,2023-01-01 13:40:00,507.7162791104699,128.95095247773793,2767.6654429426153,1.2013872464536632,0
371,3,2023-01-01 13:50:00,548.506974057417,130.2390100761158,2909.1998034840344,1.2304696000624005,0
372,3,2023-01-01 14:00:00,471.7000244127084,117.02925760826457,2863.4242053065573,0.969189291749214,0
373,3,2023-01-01 14:10:00,525.9407772173178,119.77472257298314,3041.9142544199226,0.8886197750438283,1
374,3,2023-01-01 14:20:00,550.1098801335562,139.39006245616582,3092.008964881532,1.3018537819655804,0
375,3,2023-01-01 14:30:00,,,2760.158826032675,0.8973681678732248,0
376,3,2023-01-01 14:40:00,576.5594737008005,148.52833754028268,2920.9277228104606,1.2982043321484946,1
377,3,2023-01-01 14:50:00,,119.3257319900408,2841.807227604326,1.071320276161217,0
378,3,2023-01-01 15:00:00,502.2952495434878,103.87703090435339,2989.206751455054,0.9219875991460287,0
379,3,2023-01-01 15:10:00,575.9032738746148,128.9907241189433,2998.128807316842,1.17213840878505,0
380,3,2023-01-01 15:20:00,547.6793968308012,137.62206012058456,2852.7483553574857,1.1486022461809138,0
381,3,2023-01-01 15:30:00,446.8338741022732,114.30466980959697,2829.9528889259623,1.0272269482951613,0
382,3,2023-01-01 15:40:00,546.846053090112,122.71714346600805,2717.193468046265,1.0437303203714472,0
383,3,2023-01-01 15:50:00,,105.50070015820995,2714.99273198188,1.0831063447989806,1
384,3,2023-01-01 16:00:00,445.7794821804756,101.59867630697106,2574.442873680787,0.8921848992553574,0
385,3,2023-01-01 16:10:00,399.9371032737924,111.25903055171271,3002.656990406771,0.955747255259447,0
386,3,2023-01-01 16:20:00,565.5944504968888,139.45020775428702,3233.0017877496366,1.2650436997892633,1
387,3,2023-01-01 16:30:00,366.467814971133,90.84885130484216,3001.817157955047,0.9557889290680475,0
388,3,2023-01-01 16:40:00,407.3677654825676,93.09996704885872,2562.0265498829986,0.6842334744513663,0
389,3,2023-01-01 16:50:00,519.940502913181,116.72252207756824,2605.575006058058,0.8778034621702977,0
390,3,2023-01-01 17:00:00,504.9818363122858,125.4775942234101,3115.049649563229,1.1101932303333721,0
391,3,2023-01-01 17:10:00,431.5648230671845,99.61510714986191,2934.2825431021897,0.9680671401335854,1
392,3,2023-01-01 17:20:00,495.3943263120973,117.82005430528784,2958.990788571828,1.0688428557996918,1
393,3,2023-01-01 17:30:00,514.6654966911173,112.63596149514997,3303.584334579001,1.072018756673416,0
394,3,2023-01-01 17:40:00,360.24237164114805,75.25063030533902,3080.3592430188255,0.7412254251837262,0
395,3,2023-01-01 17:50:00,471.6544541871081,122.66854544079115,3112.9799759100238,0.8691977364560841,0
396,3,2023-01-01 18:00:00,508.74792035243854,117.40881561270035,2815.8571069428344,0.8945731696326076,0
397,3,2023-01-01 18:10:00,515.6592227991612,122.30856598816891,2896.5522435783814,0.903300882982891,0
398,3,2023-01-01 18:20:00,481.08908412205267,112.72908495924048,3066.8294537167803,0.8762101447549746,1
399,3,2023-01-01 18:30:00,497.39666017180673,112.75304975009809,3081.6870451005466,1.0370038314419008,0
400,3,2023-01-01 18:40:00,505.60235270642414,121.97383958457759,2927.72115649244,0.9582035337818247,0
401,3,2023-01-01 18:50:00,517.473294961234,129.10977751576576,2868.7568442139545,1.3419081368892563,0
402,3,2023-01-01 19:00:00,,107.73827112083231,3056.020689099074,0.8909015943961727,1
403,3,2023-01-01 19:10:00,497.5125339756266,116.94112557260071,2715.279548760062,0.8837262776135808,0
404,3,2023-01-01 19:20:00,529.7050789736367,112.55642414700235,2860.0209336345865,1.1385109411558547,0
405,3,2023-01-01 19:30:00,543.838526045025,129.37260574132193,3157.495893553517,1.1099029317144367,0
406,3,2023-01-01 19:40:00,504.3116051971106,137.9573027908645,3166.722057910305,1.356489836128429,0
407,3,2023-01-01 19:50:00,501.3489670921698,120.19720121997425,2628.6308977038957,1.0772777740484707,0
408,3,2023-01-01 20:00:00,447.074120056193,,2570.3156520213665,0.7809538716923585,0
409,3,2023-01-01 20:10:00,556.0659259962534,152.12154662475638,3245.4015812655657,1.3488705185715324,0
410,3,2023-01-01 20:20:00,492.671174524941,105.07853766062415,2810.3737244100766,1.0510783775161667,0
411,3,2023-01-01 20:30:00,420.7392390330964,107.24720754312912,3256.7645663455983,0.6851464864509902,0
412,3,2023-01-01 20:40:00,515.5346729163028,101.73827132830678,3057.6419881180486,0.8769732613882446,0
413,3,2023-01-01 20:50:00,469.93605926974794,114.4609376465144,2911.5397944598353,1.128946096352455,1
414,3,2023-01-01 21:00:00,581.7779873858415,162.15299357565016,2860.047706280687,1.2376389286177765,0
415,3,2023-01-01 21:10:00,586.5702057772019,134.61865282507773,3315.8995366287118,1.042420808351688,0
416,3,2023-01-01 21:20:00,584.0415442220934,127.9898781933688,2962.6267737880044,1.0178881546803131,0
417,3,2023-01-01 21:30:00,543.414187648868,140.38297538080266,2770.200472690779,1.2346250010095112,0
418,3,2023-01-01 21:40:00,438.50634785188385,99.1249205853992,3115.4416511648665,0.8974646424192487,0
419,3,2023-01-01 21:50:00,422.13759797682957,116.13576135629731,3249.038165379659,0.9132103102991092,0
420,3,2023-01-01 22:00:00,592.9393382275713,144.32960504055842,2878.5579591301776,1.1939377363637902,1
421,3,2023-01-01 22:10:00,493.62579190659517,118.41381949249548,3183.8885792694264,1.237537284325188,0
422,3,2023-01-01 22:20:00,504.6116516884029,111.97985280168731,3301.6726657504514,1.0990239957601302,1
423,3,2023-01-01 22:30:00,513.5224920060448,116.01040140205103,2926.89265084107,0.891950414395364,0
424,3,2023-01-01 22:40:00,555.1722689185544,136.8571325710891,2680.530603891923,1.3176145864903321,0
425,3,2023-01-01 22:50:00,456.440074719958,101.42390129808184,2609.072918977365,0.8728577096126156,0
426,3,2023-01-01 23:00:00,506.12020823801834,99.45122831803096,2767.903572805475,1.2188601893793374,0
427,3,2023-01-01 23:10:00,592.8133332308404,141.59628017060643,2789.358444023406,1.2282312411086023,0
428,3,2023-01-01 23:20:00,542.4778362608234,,3208.715940835777,1.057079250218819,0
429,3,2023-01-01 23:30:00,502.57124635260817,,3139.096805951646,1.246257833157109,0
430,3,2023-01-01 23:40:00,484.7873540866515,122.4987747881774,2812.5224518685063,1.0848319575062475,0
431,3,2023-01-01 23:50:00,465.71629941865194,113.89179936405654,2961.654560193786,1.0690908031287973,0
432,4,2023-01-01 00:00:00,532.2144030401219,142.00947027519146,2997.5139987852185,1.2053845931525464,0
433,4,2023-01-01 00:10:00,484.50280690836234,125.23316684196556,2743.291013132985,1.1735992518528628,0
434,4,2023-01-01 00:20:00,438.2063067424371,109.38082010420368,2933.039432016988,1.039460971619619,0
435,4,2023-01-01 00:30:00,463.85390949217606,106.03579930107789,2910.2263123388193,0.9620274447902835,0
436,4,2023-01-01 00:40:00,515.9228859693923,118.02343376132856,3049.9046553706953,1.3549239956761467,1
437,4,2023-01-01 00:50:00,435.7457581280919,100.6033635764327,2693.0307049176004,0.851854538171184,1
438,4,2023-01-01 01:00:00,396.53591619320594,124.58118266385307,3030.117029433423,1.2796485884398516,0
439,4,2023-01-01 01:10:00,608.5880160610315,140.54473068234608,3454.2536102268723,1.5024553473857114,0
440,4,2023-01-01 01:20:00,541.6649072289385,124.18937139351515,2673.036539107876,1.0761045153161466,0
441,4,2023-01-01 01:30:00,418.1995275994464,101.41547108370025,2828.847132536201,0.8247592320784793,0
442,4,2023-01-01 01:40:00,526.3085626289807,139.76667678920404,2654.6521459721316,1.3314532817895872,0
443,4,2023-01-01 01:50:00,594.3252096375455,136.51727429640462,2724.18371173799,1.322032595247956,0
444,4,2023-01-01 02:00:00,500.5974967297265,99.00743503886582,3294.246461427662,1.1703173043664101,0
445,4,2023-01-01 02:10:00,403.8992387124196,103.16550263983999,2969.6113197030145,1.171333549363344,0
446,4,2023-01-01 02:20:00,530.9084757308168,,2897.3932034480235,1.1411116695879395,0
447,4,2023-01-01 02:30:00,539.7529399951541,124.06942136662235,3138.3887262754924,1.2933729486484629,0
448,4,2023-01-01 02:40:00,560.0919727353798,126.79588856495104,3176.489331868554,1.4667796123678891,0
449,4,2023-01-01 02:50:00,541.2928140809869,149.0339447998066,2812.6186235499313,1.3204087301296692,0
450,4,2023-01-01 03:00:00,537.7656944560624,134.19746797969344,3085.847957230825,1.115497440444641,0
451,4,2023-01-01 03:10:00,543.2414421432794,118.04216935544541,3413.010380359634,1.2250840115694575,1
452,4,2023-01-01 03:20:00,482.98885194355677,112.24227936302094,2963.8316704972995,1.0450584606480446,0
453,4,2023-01-01 03:30:00,,116.09158569685543,3021.3428543144355,1.0457436618341929,0
454,4,2023-01-01 03:40:00,560.8195217194067,146.8559416442586,3028.5474385972116,1.5048971274918257,1
455,4,2023-01-01 03:50:00,472.54265224515336,120.13697618959455,3067.9906395440953,1.1534806657404548,0
456,4,2023-01-01 04:00:00,492.3850218758708,105.0930974550333,2975.713980434303,1.3921779602251831,0
457,4,2023-01-01 04:10:00,510.9168278314445,138.2890301987498,3127.436792678275,1.371651202777716,0
458,4,2023-01-01 04:20:00,392.8777571838627,79.92082547788635,2893.854843370717,0.7137446007029888,0
459,4,2023-01-01 04:30:00,527.5656957804467,114.2749462032343,2745.5418136271987,1.29285180129276,0
460,4,2023-01-01 04:40:00,452.11276696343975,100.04859397870852,2962.833931996193,1.1587531765324333,0
461,4,2023-01-01 04:50:00,429.85584546501275,103.77775573599278,2944.3912695169906,1.3224703818304804,1
462,4,2023-01-01 05:00:00,411.3125758043322,110.76713369343258,2681.2842398135754,1.2433143398188589,0
463,4,2023-01-01 05:10:00,508.0597334889131,124.08977027247704,2659.0156714676596,1.0836116591720517,0
464,4,2023-01-01 05:20:00,468.9796094648076,108.66307057420511,2592.415710581556,1.3387315236813777,0
465,4,2023-01-01 05:30:00,451.55852789035356,,2938.8338072169645,1.2555833724454148,0
466,4,2023-01-01 05:40:00,493.3674787077505,120.45332354868447,2863.605183966666,1.3346679964542238,0
467,4,2023-01-01 05:50:00,444.64181611144954,,2983.8391473579636,1.2753177147170989,0
468,4,2023-01-01 06:00:00,545.5567450651303,138.4316424476659,2878.804235893346,1.4564505942248411,0
469,4,2023-01-01 06:10:00,513.7029147049499,124.32340456171696,2956.752327201324,1.2931812969439795,1
470,4,2023-01-01 06:20:00,521.5396646633033,111.90645802628279,3109.2434324789806,1.0519891078888273,0
471,4,2023-01-01 06:30:00,505.35088872033623,117.69218618514914,2671.546351411313,0.9139598758274659,0
472,4,2023-01-01 06:40:00,519.8735232464211,129.47112527376177,3049.302193521959,1.4667109950139985,0
473,4,2023-01-01 06:50:00,514.7202017373833,129.4935357828449,2725.285765384056,1.4414803493261397,0
474,4,2023-01-01 07:00:00,,,2751.231410844195,1.5331593852612722,0
475,4,2023-01-01 07:10:00,535.8780492807641,118.82725299892527,2824.8834360432675,1.2551022269968073,0
476,4,2023-01-01 07:20:00,459.0602308717531,107.54761365069817,3395.2214733180526,1.1403915025236604,0
477,4,2023-01-01 07:30:00,500.1597524618796,118.45102758351985,3038.59328752525,1.427232654581214,0
478,4,2023-01-01 07:40:00,502.2482722495961,111.8657079265094,2680.0602047370044,1.3659091910469108,0
479,4,2023-01-01 07:50:00,526.8828845865924,133.15399328405914,3193.3313416386873,1.6895888324736899,0
480,4,2023-01-01 08:00:00,461.1772027261342,109.91988879141512,2842.0564278663383,1.3241247599659918,1
481,4,2023-01-01 08:10:00,471.5814255338318,108.25483067637582,2852.937226106801,1.2404420288365121,0
482,4,2023-01-01 08:20:00,494.78698691376945,,3042.5053986972307,1.2397440698758235,0
483,4,2023-01-01 08:30:00,450.3590479669119,112.89692555439944,3063.006630372618,1.003146605798278,0
484,4,2023-01-01 08:40:00,544.560444545733,136.49785227339572,2903.559889396216,1.5558370678528393,0
485,4,2023-01-01 08:50:00,524.1461397031972,135.2134636275923,3303.0995611462486,1.5548351790984127,0
486,4,2023-01-01 09:00:00,444.36886123386495,95.27587080740106,3071.5465953286275,1.252376451163457,0
487,4,2023-01-01 09:10:00,459.3985410282384,107.45428099003577,3044.8672272628614,1.1901372304020144,0
488,4,2023-01-01 09:20:00,516.2112234628408,127.15916118313903,3340.689955389702,1.275888390240077,0
489,4,2023-01-01 09:30:00,,138.33063225286463,3097.8895699802865,1.5873109995087837,0
490,4,2023-01-01 09:40:00,490.66476319864825,125.72815643865563,3140.1535954285678,1.224521730641058,0
491,4,2023-01-01 09:50:00,457.1115936275803,93.72366119004428,3287.3327517144226,0.9364379932461688,0
492,4,2023-01-01 10:00:00,433.5247069302382,109.65180547171721,2814.187053642873,1.1349598398688527,0
493,4,2023-01-01 10:10:00,575.4587704964038,135.3575434112352,3074.102884093495,1.1278608210002425,0
494,4,2023-01-01 10:20:00,485.1979954399717,127.69665636668876,2905.6041168005627,1.2393633620062063,0
495,4,2023-01-01 10:30:00,529.0865380269189,122.51463075103058,3074.198713465723,1.2772882430319863,0
496,4,2023-01-01 10:40:00,456.8664212870686,109.92989702702768,2926.931253473711,0.9769077587280726,0
497,4,2023-01-01 10:50:00,491.22090993616916,117.02757739793175,3005.4673484495743,1.1235600520987656,0
498,4,2023-01-01 11:00:00,452.944122845121,95.41585958409807,2946.833701639234,0.9257066527558415,0
499,4,2023-01-01 11:10:00,518.9396287795976,129.23926575016833,2871.9062077535427,1.1841040040330706,0
500,4,2023-01-01 11:20:00,475.7004406239272,92.87299016490604,3170.860562027666,0.9436195046590561,0
501,4,2023-01-01 11:30:00,477.65874362478144,127.32872449090961,3340.8521973642873,1.2939850172979739,0
502,4,2023-01-01 11:40:00,430.6301250447985,116.93258316693503,2813.4798081552235,1.3018021046854844,0
503,4,2023-01-01 11:50:00,518.8101866189434,133.84193115732688,2926.1653154477353,1.5052288244180587,1
504,4,2023-01-01 12:00:00,463.03932785994687,144.85975468006302,2937.016040012013,1.1796388706912004,1
505,4,2023-01-01 12:10:00,459.2070332582379,110.61232316491635,2575.051453934358,1.2405286473311243,0
506,4,2023-01-01 12:20:00,454.0651235550693,110.45258225747665,3093.2717625772902,1.1226446429901995,0
507,4,2023-01-01 12:30:00,532.4646087483577,128.32138033079985,3046.318953441963,1.0639995714844501,1
508,4,2023-01-01 12:40:00,570.3373864150525,136.29326115009127,2954.162056406502,1.3086611295912933,0
509,4,2023-01-01 12:50:00,480.20137491034313,110.55575565981876,2857.4940876832834,1.0745262528082606,0
510,4,2023-01-01 13:00:00,573.2378176250975,134.76848684824915,3012.70034903055,1.1895064915955076,0
511,4,2023-01-01 13:10:00,473.18131311853125,103.9712209872694,2931.9420673711115,1.0233785676160005,0
512,4,2023-01-01 13:20:00,519.7147445742363,113.81283704504493,2870.9255277737616,1.1160656123661035,0
513,4,2023-01-01 13:30:00,538.1136206648434,118.23255297969189,3139.87568514038,1.0020604679265481,0
514,4,2023-01-01 13:40:00,440.62518109542845,114.05418320676726,2697.4673018022727,1.284131577079655,0
515,4,2023-01-01 13:50:00,435.7793529196021,,2795.5712307087033,1.0141764828162454,0
516,4,2023-01-01 14:00:00,529.7331065959421,116.302094716367,3210.023744887563,1.1194584762355864,0
517,4,2023-01-01 14:10:00,464.8344822796937,107.12255429335195,3536.6558514979956,0.8441485892048723,0
518,4,2023-01-01 14:20:00,418.22367791244716,100.36059583199263,2874.39569472845,0.9478627658818612,0
519,4,2023-01-01 14:30:00,482.37834716255,122.11726839043683,2846.173940083911,1.050501559499907,0
520,4,2023-01-01 14:40:00,486.78912076206404,117.93366266153538,3230.724660966645,1.2418640242735852,0
521,4,2023-01-01 14:50:00,463.74591144960226,99.609524477285,3034.5865271108464,0.8652911114445356,0
522,4,2023-01-01 15:00:00,,134.26045791359533,3328.507653924944,1.2429787163047752,1
523,4,2023-01-01 15:10:00,537.8756808650527,121.28949564012282,2781.753524454158,1.0580325199254044,0
524,4,2023-01-01 15:20:00,544.5227982978035,127.64510534997028,2718.7981527969714,1.2911832290992151,0
525,4,2023-01-01 15:30:00,532.1435536764604,134.61479084104175,2713.2314970072457,1.1237228128946033,1
526,4,2023-01-01 15:40:00,529.5708385566276,139.11519103473645,3092.635068344514,1.0857235049941896,0
527,4,2023-01-01 15:50:00,528.9080280498177,139.7496560207748,2383.52229753406,1.2908852304875826,0
528,4,2023-01-01 16:00:00,478.484854401992,117.71465031868934,3044.971630553585,1.0228519154370292,0
529,4,2023-01-01 16:10:00,481.6875699425985,117.56592658053125,3196.230644121825,1.0371999003904058,0
530,4,2023-01-01 16:20:00,508.0292496989069,137.18683872831866,2872.1108092764603,1.472938408150843,0
531,4,2023-01-01 16:30:00,506.0640407082988,,2661.548983248306,1.0869125973982658,0
532,4,2023-01-01 16:40:00,573.772682006586,147.18115140403836,3031.3744583868015,1.1473645514836657,1
533,4,2023-01-01 16:50:00,471.06910680169676,105.41023373258554,3162.311123066926,0.9759183551380421,0
534,4,2023-01-01 17:00:00,521.5860913801455,132.6581952911777,2962.8962740547604,0.8991829055547582,0
535,4,2023-01-01 17:10:00,478.59586876988044,133.9759741860223,3048.0023315206163,0.9916289546706836,0
536,4,2023-01-01 17:20:00,489.1105739145136,130.41570448098037,2834.6948147201715,1.1873586414848214,0
537,4,2023-01-01 17:30:00,478.61745362226,97.39052825765525,3210.0618074548056,0.7969127349964791,1
538,4,2023-01-01 17:40:00,488.587335690184,121.57603845388931,2904.3556366384496,1.0567712247805594,1
539,4,2023-01-01 17:50:00,556.6959822997803,129.13106853129534,2989.204487162471,1.1786990652460836,0
540,4,2023-01-01 18:00:00,465.09375927237204,111.27170923071905,2835.9255253819742,1.1441865078217115,0
541,4,2023-01-01 18:10:00,489.68355658910417,113.6700133803896,3323.106130412862,0.9948962049156684,0
542,4,2023-01-01 18:20:00,464.7383370945537,115.75881205458884,2706.662674151534,0.8818623494070723,0
543,4,2023-01-01 18:30:00,662.7238096133216,167.89384710930295,3171.5293907917744,1.276107239734894,0
544,4,2023-01-01 18:40:00,516.0351731682767,111.44700144914796,3172.3959723856806,1.0248263927215844,0
545,4,2023-01-01 18:50:00,476.2568327921681,107.47670734677978,2953.252013697726,0.9553697381616351,0
546,4,2023-01-01 19:00:00,486.0407576697095,125.93729208389459,2926.5046819871036,1.0007739163529659,1
547,4,2023-01-01 19:10:00,465.33755839412044,112.97973852027243,3111.1611451095455,1.2967777697821359,1
548,4,2023-01-01 19:20:00,503.1354325128109,126.87820624604203,2958.5977967692916,1.1189207527765677,0
549,4,2023-01-01 19:30:00,454.71147469533884,110.1464284844218,2942.6658628636724,0.9051035838966228,0
550,4,2023-01-01 19:40:00,534.0158812715835,130.8041078200381,2802.0005317852488,0.956723942807103,0
551,4,2023-01-01 19:50:00,523.4028355138375,104.636039271535,3078.546055338856,1.1290134980469635,0
552,4,2023-01-01 20:00:00,610.2954001932575,150.03771359463468,2801.9722598980643,1.0524998263200442,0
553,4,2023-01-01 20:10:00,477.44648116221487,108.93729592822996,3105.803250793774,0.8896403294321813,0
554,4,2023-01-01 20:20:00,496.0002854007548,124.99964402160096,3070.15960289071,1.1120291313950619,0
555,4,2023-01-01 20:30:00,481.6271774308963,118.03314564536849,2883.9140243336496,1.2351007974321397,0
556,4,2023-01-01 20:40:00,537.5197849995848,120.33294280858969,2980.0905272361397,1.097771040390137,0
557,4,2023-01-01 20:50:00,532.2621464305339,131.9410372650831,3199.390923012441,0.9198094323392529,0
558,4,2023-01-01 21:00:00,501.81443682513856,133.63244545431257,2895.1739126591606,0.9208002750245727,0
559,4,2023-01-01 21:10:00,511.9457728223805,118.1297097769095,2874.433594619882,1.026572180361108,0
560,4,2023-01-01 21:20:00,406.520593303237,114.41756448647584,2848.588645920275,0.7298284791681218,0
561,4,2023-01-01 21:30:00,,114.18081226844456,3260.351384093963,0.9282592481267449,0
562,4,2023-01-01 21:40:00,546.6204136114651,114.46949876136163,3119.8096022276804,0.9651775885324465,0
563,4,2023-01-01 21:50:00,461.9278141179206,107.76828429930222,2664.7167175785644,1.346509498603173,0
564,4,2023-01-01 22:00:00,476.23702903942706,121.24375798142236,2890.8968017920956,0.7436509290764541,0
565,4,2023-01-01 22:10:00,576.0987233521554,140.72950285162415,3332.0951868167267,1.2237251143875212,0
566,4,2023-01-01 22:20:00,503.8802735639486,125.57094076566025,2914.0361331980175,1.0028898579775858,0
567,4,2023-01-01 22:30:00,513.4859054322432,125.95663463280637,3285.409545978941,1.0803407299812875,0
568,4,2023-01-01 22:40:00,407.8899629198554,113.16342344001703,3039.053892552662,0.9519013741343738,0
569,4,2023-01-01 22:50:00,579.8478783192309,146.66584468223303,3058.9011080871933,1.285639351295188,0
570,4,2023-01-01 23:00:00,506.8113506057211,112.5017847778556,2828.5553305824856,0.9825270950536846,0
571,4,2023-01-01 23:10:00,475.33213570700735,99.66272688567665,2863.6124993365847,0.888322066405258,0
572,4,2023-01-01 23:20:00,467.9385848313269,101.28716690341406,3409.8604456904545,0.9948304481530827,0
573,4,2023-01-01 23:30:00,495.3575039323004,115.62840164362774,3167.715348608734,1.2363407511930427,0
574,4,2023-01-01 23:40:00,530.387120162632,127.66056864761799,2966.9231203639006,1.2375310966524087,1
575,4,2023-01-01 23:50:00,501.5979314701769,116.68791414036865,3141.216198719715,1.3289861011176443,0
576,5,2023-01-01 00:00:00,547.591051046758,115.96985583878539,2946.5564321064912,1.1486106464449006,0
577,5,2023-01-01 00:10:00,491.4030439970943,109.93737029273807,2905.1332333275004,1.3165100451030542,0
578,5,2023-01-01 00:20:00,,99.50947794642009,3245.9681173972335,1.0076833703559849,0
579,5,2023-01-01 00:30:00,563.2188688317368,125.01493807639437,2922.6673822530206,1.3154313640696818,0
580,5,2023-01-01 00:40:00,462.97833922403186,117.85439848001991,2880.7000585978667,1.2197812816299805,0
581,5,2023-01-01 00:50:00,469.50303693105855,108.87340707977593,3101.168349085375,1.1448885230869101,0
582,5,2023-01-01 01:00:00,465.05642629837257,131.30433032038366,3172.061268212042,1.1922847037926259,0
583,5,2023-01-01 01:10:00,511.158374570558,124.51352687121091,3099.376829751686,1.1804997229479124,0
584,5,2023-01-01 01:20:00,470.65787866861314,127.00622927851131,2940.820917827395,1.1569290666295156,0
585,5,2023-01-01 01:30:00,520.9733154721522,119.97567549074552,2903.3389312664,1.3258741725750278,0
586,5,2023-01-01 01:40:00,528.1757058767,134.32787562559554,2951.989271918044,1.293733171553818,0
587,5,2023-01-01 01:50:00,485.11067745439556,118.24467945597985,3149.3876399923593,1.179915936044815,0
588,5,2023-01-01 02:00:00,482.0732145453463,112.28277280668924,3396.6142053939675,1.1853746958492775,0
589,5,2023-01-01 02:10:00,505.7466897940135,109.77985886564564,3157.849632389656,1.2649914392956412,0
590,5,2023-01-01 02:20:00,503.4371158248313,116.79924614358373,2917.768488430843,1.1772340597401825,1
591,5,2023-01-01 02:30:00,509.32968368749465,125.11051907896683,3006.9503107377386,1.1436713988329479,0
592,5,2023-01-01 02:40:00,427.966769121799,92.54523149381002,3165.9553933817583,1.3384178788994303,0
593,5,2023-01-01 02:50:00,449.5384668017568,98.75935693504205,3055.2707726142544,1.029180180662809,0
594,5,2023-01-01 03:00:00,484.3932338289788,126.07533759884129,3196.1138468673134,1.310057108594334,0
595,5,2023-01-01 03:10:00,470.9471026803939,126.72719944589753,3027.526835471081,1.313457756916807,0
596,5,2023-01-01 03:20:00,358.08036796043194,83.79897184339339,3308.315414395448,0.8772082882716252,0
597,5,2023-01-01 03:30:00,534.4860049653363,125.20288415326104,3180.2204974473657,1.1814894010832422,1
598,5,2023-01-01 03:40:00,521.485161306975,144.83873342414057,2993.1274157905664,1.3291954215098236,0
599,5,2023-01-01 03:50:00,479.4011488219956,116.82303967558042,3081.495532795526,1.337548187552603,0
600,5,2023-01-01 04:00:00,534.3943752651804,131.26054197811615,3159.000226678189,1.4595963875931122,0
601,5,2023-01-01 04:10:00,573.7002449677808,120.281404961332,3443.6733740264553,1.4468237597125964,0
602,5,2023-01-01 04:20:00,592.3093836281232,136.5489108782006,3333.0567361951767,1.5465511498166473,0
603,5,2023-01-01 04:30:00,558.8915394102071,133.57845382162017,2821.7958058575387,1.390995447608089,0
604,5,2023-01-01 04:40:00,394.27557811334685,108.88909515600913,3205.7618926258006,1.0548484556528572,0
605,5,2023-01-01 04:50:00,431.0550235202182,104.14422289275545,3007.341103526336,1.2637066146244391,0
606,5,2023-01-01 05:00:00,543.6525215646809,147.6017917520667,3032.260724917452,1.4920290215885281,0
607,5,2023-01-01 05:10:00,555.064134188088,120.09438533934737,2962.7975022621977,1.3127938624650166,0
608,5,2023-01-01 05:20:00,,137.92917455143828,3112.458602099491,1.1579571600401082,0
609,5,2023-01-01 05:30:00,437.0134666743105,111.35424404858989,2832.681879411387,1.0309443189701901,1
610,5,2023-01-01 05:40:00,491.5426882764993,128.67483307482794,2807.9457767278236,1.3377634768650617,1
611,5,2023-01-01 05:50:00,526.1283702190555,131.315239425186,2802.389746466619,1.7115496651180544,0
612,5,2023-01-01 06:00:00,513.2919728896773,106.7984038309435,2873.2690311201304,1.413461559799469,0
613,5,2023-01-01 06:10:00,,123.19134386521786,2963.787252640346,1.3199604035513206,0
614,5,2023-01-01 06:20:00,470.81258543643315,107.65842538750194,2843.3042510649975,1.1831075412570418,0
615,5,2023-01-01 06:30:00,536.1190881166423,114.74257909092967,3028.598416015409,1.3774660113640258,1
616,5,2023-01-01 06:40:00,,128.32081301813867,2844.244095769183,1.5286784247634673,0
617,5,2023-01-01 06:50:00,549.8905276018255,126.80682133333224,2769.7108720479196,1.5159519323761046,0
618,5,2023-01-01 07:00:00,467.1931540554013,119.29617073888664,3273.9730366921694,1.3344337451711636,0
619,5,2023-01-01 07:10:00,466.501344149617,113.02705855759817,2637.6709558317375,1.2933019229844123,0
620,5,2023-01-01 07:20:00,426.1084667184165,107.28075456467363,2821.922897262692,1.2770660000621432,0
621,5,2023-01-01 07:30:00,456.54340812661496,107.56503319473072,3121.2235147350275,1.3440191763281508,0
622,5,2023-01-01 07:40:00,492.1670224906459,123.17223522285087,2903.2478362808856,1.2074157869267523,0
623,5,2023-01-01 07:50:00,494.97304866432574,110.96665186563273,3138.616485338876,1.4901379733199558,0
624,5,2023-01-01 08:00:00,567.3676464086727,120.1857358776925,2977.2943905157867,1.705697987547622,0
625,5,2023-01-01 08:10:00,501.9276384294113,,2675.6893140540597,1.18518268069704,0
626,5,2023-01-01 08:20:00,572.4784105289467,132.81684823904664,3067.1557709337962,1.45036969713334,0
627,5,2023-01-01 08:30:00,522.5187659838407,99.25014619760007,2753.9820932185617,1.3605920251491093,0
628,5,2023-01-01 08:40:00,514.8660073266144,101.10464804436069,3001.96966877547,1.2034179904073465,0
629,5,2023-01-01 08:50:00,,128.27196544735204,2732.603100789881,1.0703454447620557,0
630,5,2023-01-01 09:00:00,467.9294780814981,109.99449462559512,2777.0735786292003,1.1702187879855692,0
631,5,2023-01-01 09:10:00,,112.1445108565414,2848.497788681339,1.1922525390254566,0
632,5,2023-01-01 09:20:00,522.2415375182563,126.92656462999705,2915.5004368827103,1.7662360961253167,0
633,5,2023-01-01 09:30:00,481.9107379972477,123.09757257463511,3202.1306343760552,1.2992777505963378,0
634,5,2023-01-01 09:40:00,529.3806028840885,131.53857721294173,3162.8266746728323,1.2168787755381774,0
635,5,2023-01-01 09:50:00,526.8588357224987,117.08871635125385,2956.75607165247,1.0490103490402891,0
636,5,2023-01-01 10:00:00,590.0199239257425,154.4080120694889,2952.561067501857,1.6071960730784547,0
637,5,2023-01-01 10:10:00,483.620618358591,135.40752357569005,3041.1988431191435,1.0822614057824955,0
638,5,2023-01-01 10:20:00,487.82115322706363,104.35974217752154,2808.943308854808,1.2966825843749632,1
639,5,2023-01-01 10:30:00,530.2917720107849,121.6372752585011,2803.982889430617,1.2170554372475688,0
640,5,2023-01-01 10:40:00,621.6707484111444,161.45954414255354,2951.0713126980763,1.424677992759278,1
641,5,2023-01-01 10:50:00,492.6201063887738,106.10486090570431,2993.8736963938263,1.101496647331157,0
642,5,2023-01-01 11:00:00,602.9976879278172,150.18700049470246,3091.6769626483656,1.5780006856543998,0
643,5,2023-01-01 11:10:00,520.2246134052443,143.34260108103555,2935.013099220469,1.2941493283730114,0
644,5,2023-01-01 11:20:00,523.224968165275,122.81853085701474,3029.6280163868328,1.208742121408823,0
645,5,2023-01-01 11:30:00,513.855593359421,142.80511628100956,3001.0639000793526,1.2116060732134277,0
646,5,2023-01-01 11:40:00,565.3411344018957,131.58218532328075,3093.279132378167,1.4802326131538002,0
647,5,2023-01-01 11:50:00,517.7143294588114,122.62168022675712,3514.6209238276188,1.3314422533270518,0
648,5,2023-01-01 12:00:00,495.6594330598999,131.03663402023142,3121.023974266532,1.3102254176714694,1
649,5,2023-01-01 12:10:00,480.9574381644314,115.7353011078063,2540.9528612074755,1.3213865215280323,0
650,5,2023-01-01 12:20:00,,125.86035800922282,3208.0729592046273,1.0467369106558007,0
651,5,2023-01-01 12:30:00,589.287256179609,140.4461394781817,2863.6786858348323,0.9410261014651127,0
652,5,2023-01-01 12:40:00,525.078561826087,131.8410995635266,2992.9897459263707,1.2494741098262883,0
653,5,2023-01-01 12:50:00,539.2028208034561,129.62698875539792,3067.802202870048,1.2609830126263606,0
654,5,2023-01-01 13:00:00,522.5584188986277,121.61056973466623,3288.5429108932954,1.2957541423842724,1
655,5,2023-01-01 13:10:00,553.8904187204303,127.01241638448111,2937.183477920753,1.1653854074285381,0
656,5,2023-01-01 13:20:00,460.2782557711588,105.32183395416017,2649.4926318305743,1.1467701014638556,0
657,5,2023-01-01 13:30:00,494.7556289245784,123.49115683099502,2725.218182764722,1.270936007236297,0
658,5,2023-01-01 13:40:00,569.0125501746812,156.3657635067508,2734.3025200820593,1.3446851279373342,0
659,5,2023-01-01 13:50:00,463.44430606071296,115.89262990287769,2888.068910295222,0.9924439436969361,0
660,5,2023-01-01 14:00:00,551.7177710084418,123.10520458930286,2968.654160743556,1.2002805463624746,1
661,5,2023-01-01 14:10:00,491.25265423129656,113.30725819560718,2958.138360918687,1.0521210034211694,0
662,5,2023-01-01 14:20:00,471.3599167228963,124.72515180747752,2743.2292637668716,1.269068334079843,1
663,5,2023-01-01 14:30:00,516.9681476101736,129.24472600763485,2961.5745620467287,1.1142992476418345,0
664,5,2023-01-01 14:40:00,559.5619662739313,131.00003757260686,3142.0065989284367,1.1756856484453901,0
665,5,2023-01-01 14:50:00,502.6782882795595,124.3337333508464,3286.599488555782,1.1724105942617038,0
666,5,2023-01-01 15:00:00,554.1774726515122,113.114964710616,3151.2663395460245,1.0113154392476844,0
667,5,2023-01-01 15:10:00,531.620953336767,119.9627309980235,3364.7945875390405,1.0504076720175979,0
668,5,2023-01-01 15:20:00,436.1795538722336,109.79742447670776,3242.2313168496776,1.0153928488303976,0
669,5,2023-01-01 15:30:00,498.94035388248204,103.64797324712814,3491.8254170872583,0.9317854283511522,0
670,5,2023-01-01 15:40:00,567.1486446448748,140.4477931038575,3090.9832488443344,1.2010927372124078,0
671,5,2023-01-01 15:50:00,439.68147116768824,100.20073351085517,2838.0937553925733,0.9099566588157908,0
672,5,2023-01-01 16:00:00,399.6429018231184,91.55083738037361,3055.0090194263207,0.6548186874426241,0
673,5,2023-01-01 16:10:00,539.7518069577761,119.43287201832324,3256.940801081055,0.9662814474012051,0
674,5,2023-01-01 16:20:00,511.2743980759162,125.73194815094075,2822.524726517497,1.0639589941421892,0
675,5,2023-01-01 16:30:00,530.937248400811,132.93045271152067,2774.8005903865474,1.0093355824989092,1
676,5,2023-01-01 16:40:00,505.03013250478153,129.88279380416083,2645.189261337381,0.9037504652433839,0
677,5,2023-01-01 16:50:00,404.4775387975864,101.75704635712039,3285.224636848087,0.9359216526391323,0
678,5,2023-01-01 17:00:00,493.4520736376714,120.42954189738767,3079.169691845934,0.8820894787994078,0
679,5,2023-01-01 17:10:00,445.2032571756714,103.17792700196281,2403.425264802562,0.8654481822629176,0
680,5,2023-01-01 17:20:00,470.03083532472834,99.74647305527884,2789.7213949849247,1.0063797451760936,0
681,5,2023-01-01 17:30:00,415.8181071883277,93.40249970765909,3229.847561788613,0.8633256036460906,0
682,5,2023-01-01 17:40:00,,125.11888910839966,3202.340265929476,1.1232742643425582,0
683,5,2023-01-01 17:50:00,388.0668499778279,99.05767749452251,3062.656960694953,0.937580650719843,0
684,5,2023-01-01 18:00:00,525.1319938536129,129.0995723299859,2780.4054789729607,0.9982931062838039,0
685,5,2023-01-01 18:10:00,492.5823665366103,118.4000875906539,2409.300329449938,1.1798079739265233,0
686,5,2023-01-01 18:20:00,459.0708858647,96.36435908161094,3059.103531412396,1.0214896794945427,0
687,5,2023-01-01 18:30:00,483.20484668520703,129.96692486932199,2781.2719100810314,1.224761651630206,1
688,5,2023-01-01 18:40:00,537.867377021662,117.59884373369766,3055.2101944832007,1.0909652043180913,0
689,5,2023-01-01 18:50:00,538.1279669254501,124.92069350334606,3083.6678506739713,1.14083462091063,0
690,5,2023-01-01 19:00:00,467.53917728479445,109.61970699681854,3340.7291366446,0.7925032728753747,1
691,5,2023-01-01 19:10:00,,117.06965500127147,3051.967030710696,0.9534035994126868,1
692,5,2023-01-01 19:20:00,469.61526599164443,108.51922933950772,3084.50465448562,1.0664342184876596,0
693,5,2023-01-01 19:30:00,487.6536422873718,114.41583058317039,3041.2333945444498,0.8259759567393725,1
694,5,2023-01-01 19:40:00,634.8324852385557,154.00201589716275,3240.412844234612,1.2161796056437217,0
695,5,2023-01-01 19:50:00,446.1003701882464,114.96467881290124,3085.8172541943118,0.898211614117,0
696,5,2023-01-01 20:00:00,470.61043997936156,104.08772181675991,3212.6426629134103,0.8312028780578393,0
697,5,2023-01-01 20:10:00,522.5691429132961,130.8747439740086,3120.392571018038,1.0609598095498851,0
698,5,2023-01-01 20:20:00,544.4298169079194,,3101.0958382155636,1.2409099194457913,0
699,5,2023-01-01 20:30:00,511.0928398157555,121.45725008834755,3246.4179771163717,1.1745494911874332,1
700,5,2023-01-01 20:40:00,574.2983420581307,127.91025600644731,2670.6212042661573,1.1850951115043116,0
701,5,2023-01-01 20:50:00,377.2972515630825,92.90084787837385,2933.026563001096,0.828883728529209,0
702,5,2023-01-01 21:00:00,505.2529774028928,117.93838450500591,2855.4107286306594,0.9665723672437581,1
703,5,2023-01-01 21:10:00,,130.25721033755246,2980.336923904412,1.1508645808152034,0
704,5,2023-01-01 21:20:00,492.6632445829924,116.76492489876416,2835.273714313485,1.0526050755163767,0
705,5,2023-01-01 21:30:00,429.1124328225811,102.50615848855342,2870.5674516871513,0.7624957141410877,0
706,5,2023-01-01 21:40:00,470.1168154501427,89.88210176679762,2978.576233769649,1.050413005439035,0
707,5,2023-01-01 21:50:00,507.2157712504538,121.45584900750683,2488.4863255833548,1.2318795217220144,0
708,5,2023-01-01 22:00:00,466.66784149064256,121.75801191585562,3370.721157167579,1.0020665858255462,0
709,5,2023-01-01 22:10:00,459.7633317494291,132.02034423250208,2680.5575913356024,1.2907144668867279,0
710,5,2023-01-01 22:20:00,557.0716413997677,128.33676364890562,2615.7922202466625,0.932226332706867,0
711,5,2023-01-01 22:30:00,552.6344582936446,127.18349257836229,2833.1712845153124,1.2467793861095464,0
712,5,2023-01-01 22:40:00,404.9020547558173,83.72696784956729,2918.731653981764,0.5905694733683647,0
713,5,2023-01-01 22:50:00,416.6964706712349,98.38352699283266,2925.458455677461,0.8562403077424436,0
714,5,2023-01-01 23:00:00,462.58732858100007,123.70382622930649,3006.7171137912405,1.0052422666599843,0
715,5,2023-01-01 23:10:00,421.01348872509664,97.450728819609,2900.1088763551215,1.12813675349862,0
716,5,2023-01-01 23:20:00,471.5408826742087,111.98827001706726,3325.6799359664706,1.4105411325310167,0
717,5,2023-01-01 23:30:00,539.0212068430917,129.27752742263172,2763.03731070643,1.3268413730850757,0
718,5,2023-01-01 23:40:00,525.9689454013687,119.48864884061638,2818.6027191642493,0.987267915744519,0
719,5,2023-01-01 23:50:00,528.4523564503792,141.90414119138703,2927.390424430545,1.3066800333066055,0
